id,scenario,humanCollisions,staticCollisions,offRoute,wrongLane,redLights,timeLeft,routeCompleted,finalScore,finalScore_sort
301555,Town03TrainTrack,2,1,134,0,0,49,100,-19006,0000219006301612,Town03GasStation,0,2,178,0,0,76,100,-11219,0000211219
301615,Town03TrainTrack,2,2,263,0,0,60,100,-31388,0000231388
301621,Town03TrainTrack,2,4,23,0,0,32,100,-11147,0000211147
301628,Town04ParkingLot,1,1,0,0,0,24,100,-3156,0000203156
301633,Town04ParkingLot,0,19,0,-2,0,0,13,-17800,0000217800
301636,Town07Farm,1,2,550,-1,0,0,58,-65001,0000265001
301638,Town04ParkingLot,2,6,0,0,0,49,100,-8156,0000208156
301646,Town03TrainTrack,3,3,0,0,0,0,88,-17703,0000217703
301657,Town07Farm,1,2,0,-1,0,17,100,-4118,0000204118
301701,Town07Farm,0,0,0,0,0,47,100,4665,0000195335
301708,Town07Farm,1,1,0,0,0,30,100,-2511,0000202511
010834,Town03GasStation,7,1,0,0,0,26,100,-32918,0000232918
010850,Town03TrainTrack,1,13,11,0,0,17,100,-10906,0000210906
010859,Town03GasStation,0,1,0,0,0,60,100,5491,0000194509
010922,Town03GasStation,3,7,254,0,0,48,100,-39119,0000239119
010929,Town04ParkingLot,1,0,120,0,0,32,100,-13850,0000213850
010936,Town03GasStation,1,4,545,0,0,14,100,-60115,0000260115
010946,Town03TrainTrack,2,0,0,0,0,0,96,-10402,0000210402
010948,Town04ParkingLot,1,2,152,0,0,19,100,-19366,0000219366
010951,Town03TrainTrack,2,3,0,0,0,13,100,-10276,0000210276
010954,Town07Farm,1,3,0,-2,0,0,79,-8201,0000208201
011003,Town03GasStation,1,6,0,0,0,12,100,-6809,0000206809
011008,Town04ParkingLot,9,3,628,0,0,6,100,-108770,0000308770
011013,Town03GasStation,1,0,0,0,0,18,100,-3219,0000203219
011018,Town03TrainTrack,0,0,0,0,0,0,0,-10004,0000210004
011026,Town07Farm,0,0,0,-3,0,0,71,-2301,0000202301
011028,Town07Farm,1,1,327,0,0,13,100,-36958,0000236958
011033,Town04ParkingLot,1,2,331,0,0,0,88,-40301,0000240301
011036,Town04ParkingLot,1,1,0,0,0,37,100,-1842,0000201842
011040,Town03TrainTrack,3,0,0,0,0,12,100,-13823,0000213823
011043,Town07Farm,1,1,0,0,0,33,100,-2249,0000202249
011048,Town03TrainTrack,2,3,36,0,0,14,100,-13716,0000213716
011052,Town04ParkingLot,0,2,587,0,0,19,100,-57850,0000257850
011101,Town03GasStation,2,1,0,0,0,0,97,-10800,0000210800
011104,Town04ParkingLot,1,0,0,0,0,17,100,-3306,0000203306
011115,Town07Farm,3,0,0,-1,0,0,86,-16201,0000216201
011118,Town07Farm,3,12,294,0,0,9,100,-49512,0000249512
011120,Town04ParkingLot,3,2,203,0,0,50,100,-31338,0000231338
011123,Town07Farm,1,3,0,0,0,44,100,-2175,0000202175
011126,Town03TrainTrack,5,8,397,0,0,3,100,-68492,0000268492
011128,Town03TrainTrack,2,6,2168,0,0,0,58,-234001,0000434001
011131,Town07Farm,2,9,737,0,0,0,79,-90300,0000290300
011135,Town07Farm,1,13,0,0,0,0,100,-11500,0000211500
011137,Town03TrainTrack,0,1,0,0,0,45,100,3916,0000196084
011141,Town04ParkingLot,2,14,783,0,0,3,100,-95003,0000295003
011144,Town03GasStation,1,4,0,0,0,18,100,-5212,0000205212
011149,Town03GasStation,0,0,0,0,0,0,86,-1400,0000201400
011153,Town04ParkingLot,2,6,1785,0,0,0,81,-193401,0000393401
011157,Town03GasStation,2,5,993,0,0,0,89,-112902,0000312902
011200,Town07Farm,0,0,0,0,0,0,94,-602,0000200602
011207,Town04ParkingLot,7,3,0,0,0,15,100,-35067,0000235067
011210,Town07Farm,3,0,261,0,0,21,100,-39029,0000239029
011214,Town03TrainTrack,2,4,280,0,0,0,83,-41702,0000241702
011217,Town03TrainTrack,1,2,0,0,0,1,100,-5979,0000205979
011220,Town04ParkingLot,1,5,148,-1,0,0,93,-22800,0000222800
011225,Town04ParkingLot,16,1,0,0,0,0,89,-81601,0000281601
011229,Town03TrainTrack,2,17,328,0,0,0,100,-51301,0000251301
011231,Town03GasStation,2,5,216,0,0,23,100,-31864,0000231864
011234,Town07Farm,5,9,492,0,0,0,87,-80002,0000280002
011237,Town07Farm,0,0,0,0,0,2,100,129,0000199871
011240,Town03TrainTrack,2,5,337,0,0,0,67,-49500,0000249500
011245,Town03TrainTrack,1,1,95,0,0,0,92,-15800,0000215800
011248,Town03TrainTrack,1,27,526,0,0,0,67,-74400,0000274400
011251,Town07Farm,0,6,263,0,0,9,100,-28489,0000228489
011256,Town04ParkingLot,1,21,130,0,0,0,51,-33402,0000233402
011300,Town03GasStation,2,1,312,0,0,35,100,-38211,0000238211
011303,Town03TrainTrack,2,1,186,0,0,31,100,-26068,0000226068
011305,Town03GasStation,1,3,118,0,0,48,100,-13557,0000213557
011308,Town03TrainTrack,2,10,1190,0,0,0,93,-134702,0000334702
011310,Town04ParkingLot,2,3,201,0,0,29,100,-28747,0000228747
011313,Town03TrainTrack,0,5,338,0,0,17,100,-34603,0000234603
011316,Town03GasStation,1,4,80,0,0,22,100,-12839,0000212839
011318,Town07Farm,2,1,0,0,0,16,100,-8998,0000208998
011321,Town03TrainTrack,2,3,1,0,0,26,100,-9079,0000209079
011323,Town03GasStation,1,2,103,0,0,20,100,-14321,0000214321
011326,Town04ParkingLot,1,9,858,0,0,5,100,-94877,0000294877
011330,Town03GasStation,0,17,600,0,0,7,100,-67800,0000267800
011332,Town03GasStation,0,0,0,0,0,38,100,3726,0000196274
011335,Town07Farm,0,0,0,0,0,6,100,524,0000199476
011338,Town04ParkingLot,1,1,192,0,0,43,100,-20414,0000220414
011341,Town07Farm,0,0,0,0,0,12,100,1191,0000198809
011344,Town07Farm,0,0,0,-4,0,0,84,-801,0000200801
011348,Town07Farm,0,2,0,0,0,13,100,286,0000199714
011350,Town03TrainTrack,4,5,0,0,0,32,100,-19334,0000219334
011353,Town03GasStation,1,2,0,0,0,49,100,-1151,0000201151
011355,Town03GasStation,2,2,263,0,0,33,100,-34050,0000234050
011358,Town03TrainTrack,8,2,89,0,0,29,100,-47004,0000247004
011401,Town04ParkingLot,0,14,17,0,0,12,100,-7545,0000207545
011404,Town07Farm,1,6,393,0,0,38,100,-43512,0000243512
011408,Town04ParkingLot,3,5,573,0,0,0,97,-75101,0000275101
011411,Town03TrainTrack,9,8,53,0,0,15,100,-52868,0000252868
011414,Town04ParkingLot,0,3,0,0,0,40,100,2442,0000197558
011416,Town07Farm,2,10,344,0,0,31,100,-46365,0000246365
011419,Town03GasStation,3,13,166,0,0,0,100,-38102,0000238102
011422,Town03TrainTrack,2,5,0,0,0,1,100,-12415,0000212415
011425,Town07Farm,2,10,287,0,0,24,100,-41320,0000241320
011429,Town04ParkingLot,13,2,0,0,0,0,91,-66901,0000266901
011432,Town04ParkingLot,4,6,708,0,0,23,100,-91515,0000291515
011434,Town03GasStation,1,6,153,0,0,49,100,-18460,0000218460
011437,Town03TrainTrack,11,13,984,0,0,0,95,-160403,0000360403
011439,Town07Farm,1,2,0,0,0,53,100,-774,0000200774
011442,Town03TrainTrack,3,8,101,0,0,30,100,-26188,0000226188
011445,Town07Farm,4,5,0,0,0,23,100,-20223,0000220223
011447,Town07Farm,0,4,0,0,0,37,100,1686,0000198314
011450,Town04ParkingLot,0,6,1054,0,0,31,100,-105349,0000305349
011453,Town03GasStation,2,4,218,0,0,43,100,-29530,0000229530
011456,Town03TrainTrack,1,7,2134,0,0,0,51,-226800,0000426800
011459,Town03TrainTrack,7,1,0,0,0,0,95,-36002,0000236002
011504,Town03GasStation,1,14,326,0,0,0,90,-45601,0000245601
011506,Town03GasStation,6,3,607,0,0,37,100,-88525,0000288525
011509,Town07Farm,0,1,0,0,0,24,100,1803,0000198197
011513,Town07Farm,1,0,71,0,0,39,100,-8265,0000208265
011516,Town07Farm,3,3,0,0,0,22,100,-14355,0000214355
011519,Town03GasStation,0,0,0,0,0,10,100,966,0000199034
011523,Town03TrainTrack,1,2,0,0,0,0,94,-6601,0000206601
011526,Town04ParkingLot,0,0,0,0,0,4,100,341,0000199659
011530,Town04ParkingLot,0,2,0,0,0,0,95,-1501,0000201501
011533,Town04ParkingLot,5,9,2800,0,0,0,100,-309500,0000509500
011536,Town03GasStation,2,10,0,0,0,0,100,-15001,0000215001
011538,Town03GasStation,1,1,133,0,0,60,100,-12860,0000212860
011540,Town03GasStation,2,3,197,0,0,31,100,-28186,0000228186
011543,Town04ParkingLot,9,5,289,0,0,17,100,-74787,0000274787
011547,Town03TrainTrack,2,1,62,0,0,16,100,-15109,0000215109
011550,Town04ParkingLot,2,5,0,0,0,0,100,-12503,0000212503
011553,Town07Farm,12,17,217,0,0,0,97,-90500,0000290500
011557,Town07Farm,0,3,0,0,0,0,91,-2401,0000202401
011602,Town04ParkingLot,1,0,0,0,0,19,100,-3110,0000203110
011605,Town04ParkingLot,4,12,584,0,0,16,100,-82847,0000282847
011608,Town03GasStation,3,7,256,0,0,21,100,-42061,0000242061
011610,Town03GasStation,0,0,0,0,0,44,100,4394,0000195606
011613,Town04ParkingLot,2,1,132,0,0,33,100,-20427,0000220427
011617,Town07Farm,0,1,0,0,0,0,59,-4601,0000204601
011621,Town03TrainTrack,7,3,167,0,0,0,97,-53501,0000253501
011624,Town07Farm,1,7,319,0,0,0,100,-40401,0000240401
011627,Town07Farm,1,2,0,0,0,21,100,-3975,0000203975
011630,Town07Farm,0,11,242,0,0,0,64,-33302,0000233302
011633,Town07Farm,0,0,0,0,0,21,100,2069,0000197931
011637,Town03GasStation,1,4,0,0,0,39,100,-3102,0000203102
011641,Town03GasStation,0,0,0,0,0,7,100,603,0000199397
011645,Town03GasStation,0,0,0,0,0,21,100,2052,0000197948
011650,Town04ParkingLot,0,0,0,-1,0,0,97,-101,0000200101
011654,Town07Farm,0,0,0,0,0,0,90,-1002,0000201002
011700,Town07Farm,1,5,0,0,0,0,100,-7501,0000207501
011704,Town04ParkingLot,5,5,683,0,0,2,100,-95630,0000295630
011707,Town03GasStation,1,9,302,0,0,2,100,-39588,0000239588
011710,Town03GasStation,1,0,0,0,0,23,100,-2737,0000202737
011718,Town04ParkingLot,0,0,0,0,0,23,100,2210,0000197790
011721,Town03GasStation,7,1,0,0,0,31,100,-32492,0000232492
011724,Town03TrainTrack,2,5,604,0,0,6,100,-72353,0000272353
011729,Town03TrainTrack,2,5,0,0,0,0,94,-13101,0000213101
011735,Town03GasStation,0,0,0,0,0,19,100,1808,0000198192
011742,Town03GasStation,2,1,86,0,0,41,100,-15011,0000215011
011747,Town04ParkingLot,3,0,0,-1,0,0,95,-15302,0000215302
011753,Town03TrainTrack,0,1,0,0,0,0,81,-2401,0000202401
011757,Town07Farm,1,2,0,0,0,29,100,-3108,0000203108
011803,Town07Farm,2,14,418,0,0,0,87,-60102,0000260102
020936,Town03GasStation,0,5,35,0,0,58,100,-295,0000200295
020942,Town03TrainTrack,3,0,0,0,0,44,100,-10642,0000210642
020944,Town04ParkingLot,0,3,0,0,0,55,100,3942,0000196058
021006,Town03GasStation,1,2,0,0,0,11,100,-4942,0000204942
021018,Town03TrainTrack,1,0,0,0,0,4,100,-4654,0000204654
021021,Town04ParkingLot,1,3,0,0,0,38,100,-2701,0000202701
021024,Town07Farm,6,0,603,0,0,0,100,-90300,0000290300
021027,Town03GasStation,2,6,0,0,0,45,100,-8544,0000208544
021030,Town03TrainTrack,9,10,785,0,0,4,100,-128112,0000328112
021032,Town04ParkingLot,2,4,0,0,0,39,100,-8152,0000208152
021035,Town07Farm,2,4,204,0,0,0,100,-32401,0000232401
021039,Town03GasStation,4,7,1376,0,0,0,70,-164102,0000364102
021041,Town03TrainTrack,1,6,95,0,0,0,67,-20800,0000220800
021044,Town04ParkingLot,1,0,0,0,0,39,100,-1164,0000201164
021047,Town07Farm,1,8,535,0,0,21,100,-60402,0000260402
021049,Town03GasStation,2,8,265,0,0,36,100,-36948,0000236948
021052,Town03TrainTrack,5,14,0,0,0,0,96,-32402,0000232402
021055,Town04ParkingLot,2,2,0,0,0,45,100,-6575,0000206575
021058,Town07Farm,1,5,340,0,0,5,100,-41007,0000241007
021102,Town03GasStation,1,0,0,0,0,33,100,-1709,0000201709
021105,Town03TrainTrack,1,5,16,0,0,0,75,-11602,0000211602
021109,Town04ParkingLot,4,3,244,0,0,33,100,-42601,0000242601
021112,Town07Farm,1,10,1788,0,0,0,78,-191000,0000391000
021115,Town03GasStation,2,1,96,0,0,35,100,-16693,0000216693
021118,Town03TrainTrack,1,4,23,0,0,4,100,-8961,0000208961
021121,Town04ParkingLot,3,2,421,0,0,18,100,-56326,0000256326
021124,Town07Farm,1,0,0,0,0,27,100,-2372,0000202372
021126,Town03GasStation,1,3,153,0,0,33,100,-18521,0000218521
021130,Town03TrainTrack,3,17,0,0,0,0,67,-26802,0000226802
021133,Town04ParkingLot,3,9,415,0,0,2,100,-60875,0000260875
021136,Town07Farm,1,1,50,0,0,19,100,-8618,0000208618
021139,Town03GasStation,0,9,91,0,0,17,100,-11998,0000211998
021141,Town03TrainTrack,4,4,0,0,0,43,100,-17774,0000217774
021144,Town04ParkingLot,1,7,26,0,0,4,100,-10790,0000210790
021146,Town07Farm,1,0,121,0,0,39,100,-13284,0000213284
021148,Town03GasStation,1,1,0,0,0,45,100,-1045,0000201045
021151,Town03TrainTrack,2,13,1217,0,0,0,96,-138601,0000338601
021154,Town04ParkingLot,1,2,163,0,0,42,100,-18131,0000218131
021157,Town07Farm,3,11,59,0,0,21,100,-24306,0000224306
021159,Town03GasStation,2,5,207,0,0,30,100,-30245,0000230245
021202,Town03TrainTrack,4,3,1,0,0,9,100,-20717,0000220717
021205,Town04ParkingLot,1,0,145,0,0,31,100,-16449,0000216449
021209,Town03GasStation,1,7,129,0,0,11,100,-20301,0000220301
021212,Town03TrainTrack,2,4,268,0,0,0,100,-38802,0000238802
021215,Town04ParkingLot,1,9,189,0,0,0,21,-36301,0000236301
021218,Town07Farm,1,4,544,0,0,5,100,-60984,0000260984
021220,Town03GasStation,1,2,110,0,0,14,100,-15604,0000215604
021223,Town03TrainTrack,4,0,130,0,0,11,100,-31979,0000231979
021226,Town04ParkingLot,0,0,0,0,0,23,100,2291,0000197709
021229,Town07Farm,0,0,0,0,0,27,100,2674,0000197326
021231,Town03GasStation,3,12,275,0,0,0,89,-49604,0000249604
021234,Town03TrainTrack,1,24,333,0,0,0,53,-55004,0000255004
021237,Town04ParkingLot,3,6,0,0,0,0,75,-20502,0000220502
021240,Town03GasStation,2,2,50,0,0,28,100,-13219,0000213219
021243,Town03TrainTrack,2,6,82,0,0,15,100,-19794,0000219794
021246,Town04ParkingLot,2,10,574,0,0,19,100,-70578,0000270578
021249,Town07Farm,25,14,217,-1,0,0,21,-161401,0000361401
021252,Town03GasStation,1,11,1066,0,0,0,69,-120200,0000320200
021255,Town03TrainTrack,1,0,15,0,0,4,100,-6108,0000206108
021258,Town04ParkingLot,3,7,329,0,0,18,100,-49677,0000249677
021301,Town07Farm,1,2,86,0,0,4,100,-14217,0000214217
021303,Town03GasStation,2,3,308,0,0,37,100,-38626,0000238626
021306,Town03TrainTrack,1,0,0,0,0,13,100,-3787,0000203787
021309,Town04ParkingLot,1,0,0,0,0,34,100,-1630,0000201630
021311,Town07Farm,1,0,118,0,0,34,100,-13453,0000213453
021314,Town03GasStation,2,12,138,0,0,0,89,-30902,0000230902
021317,Town03TrainTrack,1,0,0,0,0,24,100,-2681,0000202681
021320,Town04ParkingLot,1,2,226,0,0,19,100,-26750,0000226750
021322,Town07Farm,3,7,494,0,0,30,100,-64955,0000264955
021325,Town03GasStation,2,8,83,0,0,25,100,-19812,0000219812
021327,Town03TrainTrack,4,10,571,0,0,12,100,-80992,0000280992
021330,Town04ParkingLot,7,17,941,0,0,12,100,-136452,0000336452
021333,Town07Farm,0,0,0,0,0,28,100,2757,0000197243
021336,Town03GasStation,1,4,32,0,0,3,100,-9931,0000209931
021338,Town03TrainTrack,7,4,115,0,0,0,96,-48903,0000248903
021341,Town04ParkingLot,2,1,68,0,0,46,100,-12719,0000212719
021343,Town07Farm,0,0,0,0,0,28,100,2735,0000197265
021346,Town03GasStation,4,3,537,0,0,37,100,-71582,0000271582
021349,Town03TrainTrack,3,6,171,0,0,0,68,-38302,0000238302
021352,Town04ParkingLot,1,17,1248,0,0,0,49,-143401,0000343401
021354,Town07Farm,1,0,214,0,0,39,100,-22512,0000222512
021357,Town03GasStation,4,12,929,0,0,1,100,-118808,0000318808
021400,Town03TrainTrack,1,6,1072,0,0,0,76,-117601,0000317601
021403,Town04ParkingLot,0,9,0,0,0,0,97,-4802,0000204802
021405,Town07Farm,1,2,0,0,0,46,100,-1476,0000201476
021408,Town03GasStation,2,1,0,0,0,51,100,-5486,0000205486
021410,Town03TrainTrack,3,6,227,0,0,31,100,-37602,0000237602
021413,Town04ParkingLot,4,0,0,0,0,3,100,-19719,0000219719
021416,Town07Farm,1,13,451,0,0,0,74,-59200,0000259200
021419,Town03GasStation,6,12,0,0,0,0,68,-39200,0000239200
021422,Town03TrainTrack,3,21,985,0,0,3,100,-123767,0000323767
021424,Town04ParkingLot,1,2,0,0,0,20,100,-4070,0000204070
021427,Town07Farm,2,6,557,0,0,3,100,-68466,0000268466
021430,Town03GasStation,1,12,205,0,0,0,97,-31801,0000231801
021434,Town03TrainTrack,1,0,11,0,0,0,96,-6502,0000206502
021437,Town04ParkingLot,4,2,0,0,0,12,100,-19876,0000219876
021441,Town07Farm,0,8,0,0,0,0,86,-5401,0000205401
021443,Town03GasStation,1,4,0,0,0,33,100,-3786,0000203786
021445,Town03TrainTrack,1,3,0,0,0,26,100,-3949,0000203949
021448,Town04ParkingLot,0,1,0,0,0,18,100,1234,0000198766
021451,Town07Farm,1,14,1584,0,0,0,100,-170401,0000370401
021453,Town03GasStation,2,8,138,0,0,28,100,-25084,0000225084
021455,Town03TrainTrack,3,3,78,0,0,19,100,-22457,0000222457
021458,Town04ParkingLot,3,10,517,0,0,26,100,-69101,0000269101
021500,Town07Farm,2,0,133,0,0,30,100,-20305,0000220305
021503,Town03GasStation,0,2,567,0,0,0,42,-63501,0000263501
021506,Town03TrainTrack,6,4,918,0,0,0,69,-126902,0000326902
021509,Town04ParkingLot,0,14,630,0,0,0,13,-78701,0000278701
021511,Town07Farm,0,2,41,0,0,10,100,-4179,0000204179
021514,Town03GasStation,8,2,0,0,0,0,75,-43501,0000243501
021517,Town03TrainTrack,1,3,965,0,0,0,66,-106402,0000306402
021520,Town04ParkingLot,2,10,0,-1,0,0,31,-21701,0000221701
021523,Town07Farm,0,1,111,-1,0,0,96,-11801,0000211801
021525,Town03GasStation,1,1,39,0,0,40,100,-5423,0000205423
021530,Town07Farm,2,7,243,0,0,7,100,-37103,0000237103
021533,Town03GasStation,2,3,253,0,0,14,100,-35448,0000235448
021536,Town03TrainTrack,1,1,0,0,0,2,100,-5352,0000205352
021539,Town04ParkingLot,2,4,867,0,0,0,100,-98700,0000298700
021542,Town07Farm,1,1,0,0,0,25,100,-3066,0000203066
021545,Town03GasStation,0,0,524,0,0,0,68,-55600,0000255600
021548,Town03TrainTrack,5,5,1196,0,0,0,67,-150403,0000350403
021552,Town04ParkingLot,3,3,253,0,0,20,100,-39826,0000239826
021602,Town07Farm,0,0,0,-3,0,0,86,-801,0000200801
021756,Town07Farm,2,1,0,0,0,48,100,-5759,0000205759
021802,Town07Farm,3,3,343,0,0,42,100,-46658,0000246658
021810,Town07Farm,0,0,0,-4,0,0,63,-2900,0000202900
021813,Town07Farm,0,0,0,-2,0,0,81,-1501,0000201501
021817,Town07Farm,0,0,0,0,0,3,100,220,0000199780
021820,Town03GasStation,1,0,372,0,0,4,100,-41840,0000241840
021825,Town03TrainTrack,6,2,18,0,0,0,95,-33302,0000233302
021829,Town04ParkingLot,1,7,626,0,0,0,95,-71600,0000271600
021833,Town07Farm,0,1,0,0,0,0,97,-801,0000200801
021836,Town03GasStation,2,0,0,0,0,35,100,-6583,0000206583
021840,Town03TrainTrack,0,5,1539,0,0,0,24,-164002,0000364002
021843,Town04ParkingLot,0,0,0,0,0,8,100,707,0000199293
021852,Town07Farm,1,0,0,-2,0,0,96,-5000,0000205000
021856,Town03GasStation,1,3,237,0,0,6,100,-29651,0000229651
021859,Town03TrainTrack,7,4,1,0,0,34,100,-33709,0000233709
021902,Town04ParkingLot,0,2,0,0,0,28,100,1772,0000198228
021906,Town07Farm,0,0,0,0,0,13,100,1249,0000198751
021909,Town03GasStation,2,0,326,0,0,29,100,-39793,0000239793
021914,Town03TrainTrack,2,42,663,0,0,0,66,-100701,0000300701
021920,Town04ParkingLot,0,0,0,0,0,33,100,3232,0000196768
021924,Town07Farm,3,0,0,-2,0,2,100,-14420,0000214420
021927,Town03GasStation,0,1,0,0,0,12,100,642,0000199358
021931,Town03TrainTrack,1,5,0,0,0,0,85,-9003,0000209003
021934,Town04ParkingLot,0,0,0,-1,0,1,100,287,0000199713
021938,Town07Farm,0,1,0,-2,0,0,73,-2800,0000202800
021940,Town03GasStation,0,0,0,0,0,34,100,3394,0000196606
021943,Town03TrainTrack,1,0,0,0,0,0,100,-5001,0000205001
021947,Town04ParkingLot,0,0,0,0,0,11,100,1002,0000198998
021950,Town07Farm,2,5,113,0,0,0,100,-23800,0000223800
021953,Town03GasStation,0,0,0,0,0,0,100,0,0000200000
021957,Town03TrainTrack,7,3,2111,0,0,0,66,-251001,0000451001
022000,Town04ParkingLot,8,0,0,0,0,13,100,-38786,0000238786
022003,Town07Farm,1,0,68,0,0,32,100,-8624,0000208624
022008,Town03GasStation,1,5,512,0,0,22,100,-56567,0000256567
022015,Town03TrainTrack,2,0,0,0,0,24,100,-7614,0000207614
022018,Town04ParkingLot,3,0,0,0,0,30,100,-12035,0000212035
022023,Town07Farm,0,2,0,-1,0,3,100,-526,0000200526
022025,Town03GasStation,5,1,0,0,0,29,100,-22603,0000222603
022029,Town03TrainTrack,2,11,0,0,0,0,83,-17200,0000217200
022036,Town04ParkingLot,0,0,0,0,0,3,100,271,0000199729
022039,Town07Farm,2,3,40,0,0,20,100,-13517,0000213517
022043,Town03GasStation,2,3,0,0,0,21,100,-9480,0000209480
022046,Town03TrainTrack,5,2,7,0,0,28,100,-23935,0000223935
022050,Town04ParkingLot,3,1,0,0,0,18,100,-13754,0000213754
022053,Town07Farm,0,0,0,0,0,29,100,2848,0000197152
022056,Town03GasStation,0,5,112,0,0,24,100,-11353,0000211353
022101,Town03TrainTrack,3,3,270,0,0,30,100,-40507,0000240507
022104,Town04ParkingLot,9,9,1036,0,0,1,100,-153086,0000353086
022107,Town07Farm,6,2,0,0,0,4,100,-30691,0000230691
022110,Town03GasStation,1,14,38,0,0,16,100,-14263,0000214263
022113,Town03TrainTrack,2,0,0,0,0,16,100,-8400,0000208400
022118,Town04ParkingLot,0,0,0,0,0,1,100,27,0000199973
022123,Town07Farm,0,6,0,-2,0,0,100,-2601,0000202601
022126,Town03GasStation,0,0,0,0,0,14,100,1373,0000198627
022129,Town03TrainTrack,2,0,0,0,0,23,100,-7766,0000207766
022131,Town04ParkingLot,1,1,0,0,0,40,100,-1505,0000201505
022135,Town07Farm,0,0,0,0,0,0,96,-400,0000200400
022138,Town03GasStation,2,5,131,0,0,6,100,-25057,0000225057
022141,Town03TrainTrack,1,10,0,0,0,0,67,-13302,0000213302
022145,Town04ParkingLot,2,5,58,0,0,0,70,-21301,0000221301
022148,Town07Farm,4,4,579,0,0,42,100,-75798,0000275798
022151,Town03GasStation,0,1,0,0,0,45,100,3931,0000196069
022158,Town03TrainTrack,1,8,1357,0,0,0,100,-144701,0000344701
030950,Town03GasStation,0,0,0,0,0,41,100,4003,0000195997
030954,Town03TrainTrack,0,1,0,0,0,35,100,2931,0000197069
031019,Town04ParkingLot,1,1,0,0,0,21,100,-3486,0000203486
031023,Town07Farm,1,1,0,0,0,46,100,-931,0000200931
031026,Town03GasStation,1,4,226,0,0,46,100,-25080,0000225080
031028,Town03TrainTrack,1,1,62,0,0,14,100,-10357,0000210357
031032,Town04ParkingLot,3,12,2820,0,0,0,82,-304800,0000504800
031040,Town07Farm,3,1,224,0,0,14,100,-36528,0000236528
031044,Town03GasStation,0,1,0,0,0,28,100,2205,0000197795
031053,Town03TrainTrack,2,0,0,0,0,12,100,-8820,0000208820
031056,Town04ParkingLot,1,0,0,0,0,30,100,-2005,0000202005
031100,Town07Farm,3,1,64,0,0,21,100,-19831,0000219831
031102,Town03GasStation,5,2,146,0,0,43,100,-36349,0000236349
031105,Town03TrainTrack,3,13,2300,0,0,4,100,-251163,0000451163
031108,Town04ParkingLot,2,14,646,0,0,24,100,-79207,0000279207
031110,Town07Farm,1,7,378,0,0,33,100,-43044,0000243044
031112,Town03GasStation,2,1,0,0,0,62,100,-4303,0000204303
031115,Town03TrainTrack,5,0,0,0,0,34,100,-21691,0000221691
031118,Town04ParkingLot,2,1,0,0,0,22,100,-8379,0000208379
031121,Town07Farm,1,2,673,-4,0,0,88,-73701,0000273701
031124,Town03GasStation,1,8,615,0,0,17,100,-68863,0000268863
031127,Town03TrainTrack,1,0,0,0,0,49,100,-172,0000200172
031130,Town04ParkingLot,1,8,199,0,0,27,100,-26209,0000226209
031133,Town07Farm,2,0,0,-1,0,23,100,-7568,0000207568
031135,Town03GasStation,2,8,258,0,0,49,100,-34911,0000234911
031138,Town03TrainTrack,4,4,4,0,0,32,100,-19261,0000219261
031140,Town04ParkingLot,4,12,247,0,0,31,100,-47603,0000247603
031143,Town07Farm,2,5,520,0,0,13,100,-63250,0000263250
031145,Town03GasStation,3,1,197,0,0,41,100,-31138,0000231138
031148,Town03TrainTrack,3,44,0,0,0,0,67,-40300,0000240300
031151,Town04ParkingLot,20,9,352,0,0,27,100,-137064,0000337064
031154,Town07Farm,1,0,79,-3,0,0,96,-12701,0000212701
031156,Town03GasStation,2,5,194,0,0,55,100,-26483,0000226483
031159,Town03TrainTrack,2,2,367,0,0,40,100,-43731,0000243731
031201,Town04ParkingLot,4,2,0,0,0,40,100,-17072,0000217072
031205,Town07Farm,1,4,0,-2,0,0,48,-11801,0000211801
031207,Town03GasStation,6,2,145,0,0,42,100,-41337,0000241337
031211,Town03TrainTrack,1,35,2302,0,0,0,67,-256001,0000456001
031213,Town04ParkingLot,0,1,0,0,0,27,100,2134,0000197866
031216,Town07Farm,0,1,0,0,0,0,77,-2800,0000202800
031223,Town03GasStation,0,0,0,0,0,23,100,2233,0000197767
031226,Town03TrainTrack,2,0,0,0,0,0,94,-10600,0000210600
031229,Town04ParkingLot,3,1,302,0,0,44,100,-41386,0000241386
031232,Town07Farm,1,0,0,0,0,19,100,-3160,0000203160
031235,Town03GasStation,0,1,0,0,0,42,100,3651,0000196349
031239,Town03TrainTrack,4,20,1025,0,0,0,80,-134500,0000334500
031242,Town04ParkingLot,2,8,0,0,0,11,100,-12939,0000212939
031245,Town07Farm,4,2,221,0,0,9,100,-42282,0000242282
031249,Town03GasStation,1,3,0,0,0,34,100,-3120,0000203120
031252,Town03TrainTrack,5,4,82,0,0,44,100,-30812,0000230812
031254,Town04ParkingLot,3,4,0,0,0,27,100,-14321,0000214321
031259,Town07Farm,0,14,3386,-4,0,0,100,-344801,0000544801
031301,Town03GasStation,1,2,0,0,0,39,100,-2125,0000202125
031303,Town03TrainTrack,1,0,0,0,0,35,100,-1562,0000201562
031306,Town04ParkingLot,4,1,0,0,0,40,100,-16593,0000216593
031310,Town07Farm,4,8,1179,0,0,2,100,-141703,0000341703
031312,Town03GasStation,0,1,0,0,0,41,100,3565,0000196435
031316,Town03TrainTrack,2,23,881,0,0,0,100,-109600,0000309600
031318,Town04ParkingLot,1,1,0,0,0,39,100,-1686,0000201686
031322,Town07Farm,1,17,2433,0,0,0,65,-260301,0000460301
031324,Town03GasStation,2,4,0,0,0,29,100,-9180,0000209180
031327,Town03TrainTrack,4,6,0,0,0,42,100,-18885,0000218885
031329,Town04ParkingLot,4,1,0,0,0,34,100,-17136,0000217136
031332,Town07Farm,1,0,0,0,0,27,100,-2358,0000202358
031334,Town03GasStation,2,1,149,0,0,42,100,-21224,0000221224
031336,Town03TrainTrack,1,0,0,0,0,41,100,-936,0000200936
031339,Town04ParkingLot,3,5,1207,0,0,0,95,-138700,0000338700
031342,Town07Farm,1,9,824,0,0,14,100,-90563,0000290563
031344,Town03GasStation,2,0,0,0,0,35,100,-6584,0000206584
031347,Town03TrainTrack,3,3,0,0,0,46,100,-11924,0000211924
031350,Town04ParkingLot,0,17,0,0,0,0,38,-14701,0000214701
031353,Town07Farm,0,0,0,-2,0,8,100,1164,0000198836
031355,Town03GasStation,2,4,99,0,0,44,100,-17528,0000217528
031358,Town03TrainTrack,1,4,32,0,0,37,100,-6580,0000206580
031401,Town04ParkingLot,4,3,0,0,0,26,100,-18966,0000218966
031404,Town07Farm,7,19,86,0,0,0,70,-56100,0000256100
031406,Town03GasStation,1,15,0,0,0,10,100,-11557,0000211557
031412,Town03TrainTrack,0,26,458,0,0,0,25,-66304,0000266304
031415,Town04ParkingLot,3,10,0,0,0,0,90,-21001,0000221001
031418,Town07Farm,2,1,581,0,0,14,100,-67285,0000267285
031421,Town03GasStation,1,1,0,0,0,50,100,-591,0000200591
031424,Town03TrainTrack,2,19,8,0,0,0,67,-23601,0000223601
031427,Town04ParkingLot,0,0,0,0,0,0,47,-5302,0000205302
031429,Town07Farm,0,0,0,0,0,33,100,3276,0000196724
031432,Town03GasStation,3,7,696,0,0,37,100,-84449,0000284449
031434,Town03TrainTrack,5,8,172,0,0,25,100,-43782,0000243782
031438,Town04ParkingLot,0,8,0,0,0,13,100,-2796,0000202796
031441,Town07Farm,1,6,330,0,0,44,100,-36637,0000236637
031444,Town03GasStation,0,5,24,0,0,24,100,-2569,0000202569
031447,Town03TrainTrack,2,1,0,0,0,23,100,-8246,0000208246
031450,Town04ParkingLot,0,4,0,0,0,38,100,1720,0000198280
031453,Town07Farm,13,8,681,0,0,0,97,-137400,0000337400
031455,Town03GasStation,2,5,76,0,0,34,100,-16702,0000216702
031458,Town03TrainTrack,6,11,514,0,0,32,100,-83752,0000283752
031501,Town04ParkingLot,2,81,5251,0,0,0,32,-582400,0000782400
031504,Town07Farm,1,14,1140,0,0,0,87,-127301,0000327301
031507,Town03GasStation,1,8,386,0,0,42,100,-43463,0000243463
031510,Town03TrainTrack,1,32,815,0,0,0,31,-109401,0000309401
031514,Town04ParkingLot,5,9,1396,0,0,3,100,-168875,0000368875
031522,Town03GasStation,0,0,0,0,0,0,0,-10002,0000210002
031526,Town03TrainTrack,2,2,246,0,0,0,96,-36002,0000236002
031529,Town04ParkingLot,0,0,0,0,0,12,100,1157,0000198843
031532,Town07Farm,2,3,256,0,0,27,100,-34485,0000234485
031535,Town03GasStation,0,2,0,0,0,15,100,401,0000199599
031538,Town03TrainTrack,1,10,0,0,0,9,100,-9199,0000209199
031540,Town04ParkingLot,1,1,141,0,0,45,100,-15187,0000215187
031543,Town07Farm,8,7,83,0,0,12,100,-50672,0000250672
031547,Town03GasStation,2,14,1284,0,0,8,100,-144681,0000344681
031552,Town03GasStation,0,0,0,0,0,10,100,961,0000199039
031556,Town03TrainTrack,1,8,1,0,0,9,100,-8268,0000208268
031558,Town04ParkingLot,5,3,0,0,0,45,100,-22043,0000222043
031601,Town07Farm,2,8,910,0,0,11,100,-103911,0000303911
031603,Town03GasStation,0,0,0,0,0,32,100,3162,0000196838
031606,Town03TrainTrack,2,2,91,0,0,3,100,-19840,0000219840
031610,Town04ParkingLot,0,0,0,0,0,22,100,2184,0000197816
031613,Town07Farm,1,1,0,0,0,29,100,-2660,0000202660
031615,Town03GasStation,0,1,0,0,0,45,100,3922,0000196078
031618,Town03TrainTrack,3,5,97,0,0,4,100,-26888,0000226888
031620,Town04ParkingLot,2,3,0,0,0,44,100,-7114,0000207114
031623,Town07Farm,1,11,1077,-2,0,5,100,-117398,0000317398
031626,Town03GasStation,3,24,116,0,0,0,89,-39702,0000239702
031630,Town03TrainTrack,3,7,1844,0,0,0,67,-206201,0000406201
031633,Town04ParkingLot,0,1,0,0,0,45,100,3909,0000196091
031856,Town07Farm,1,1,0,-2,0,0,70,-8100,0000208100
031858,Town03GasStation,0,0,0,0,0,30,100,2950,0000197050
031902,Town03TrainTrack,2,0,0,0,0,30,100,-7008,0000207008
031905,Town04ParkingLot,0,0,0,0,0,9,100,814,0000199186
031908,Town07Farm,1,3,0,-3,0,0,64,-9500,0000209500
031922,Town03GasStation,2,5,0,0,0,0,89,-13600,0000213600
031932,Town03TrainTrack,2,1,0,0,0,0,88,-11702,0000211702
031937,Town04ParkingLot,0,0,0,-1,0,0,61,-3701,0000203701
031942,Town07Farm,1,3,663,0,0,0,87,-74100,0000274100
031950,Town03GasStation,0,0,0,0,0,20,100,1933,0000198067
031953,Town03TrainTrack,1,0,0,0,0,18,100,-3285,0000203285
031957,Town04ParkingLot,0,0,0,-1,0,0,74,-2401,0000202401
032001,Town07Farm,1,0,0,-2,0,0,89,-5701,0000205701
032004,Town03GasStation,2,0,269,0,0,0,89,-38001,0000238001
032007,Town03TrainTrack,1,4,0,0,0,0,83,-8702,0000208702
032011,Town04ParkingLot,2,4,296,0,0,0,91,-42500,0000242500
032014,Town07Farm,11,4,0,-3,0,0,72,-59201,0000259201
032019,Town03GasStation,0,0,0,0,0,31,100,3053,0000196947
032022,Town03TrainTrack,3,2,0,0,0,39,100,-12120,0000212120
032026,Town04ParkingLot,0,0,0,0,0,8,100,750,0000199250
032029,Town07Farm,0,1,0,0,0,26,100,2083,0000197917
032033,Town03GasStation,1,2,616,0,0,0,93,-68301,0000268301
032039,Town03TrainTrack,3,1,0,0,0,25,100,-13037,0000213037
032047,Town04ParkingLot,2,1,0,0,0,0,100,-10500,0000210500
032115,Town07Farm,1,1,0,0,0,28,100,-2778,0000202778
032120,Town03GasStation,0,0,325,0,0,0,86,-33902,0000233902
032124,Town03TrainTrack,2,1,0,0,0,9,100,-9615,0000209615
032129,Town04ParkingLot,0,0,0,-1,0,0,68,-3001,0000203001
032134,Town07Farm,2,0,99,0,0,0,97,-20201,0000220201
032139,Town03GasStation,0,0,0,0,0,0,29,-7100,0000207100
032141,Town03TrainTrack,2,3,197,0,0,19,100,-29310,0000229310
032145,Town04ParkingLot,0,1,0,0,0,25,100,1907,0000198093
032150,Town07Farm,0,0,0,-1,0,26,100,2741,0000197259
032153,Town03GasStation,1,0,0,0,0,0,93,-5701,0000205701
032157,Town03TrainTrack,1,1,0,0,0,21,100,-3436,0000203436
032202,Town04ParkingLot,2,6,2443,0,0,0,100,-257301,0000457301
032206,Town03GasStation,6,5,46,0,0,0,93,-37800,0000237800
040952,Town03GasStation,0,1,0,0,0,52,100,4655,0000195345
041002,Town03TrainTrack,3,21,1110,0,0,0,95,-137000,0000337000
041013,Town04ParkingLot,2,2,0,0,0,59,100,-5163,0000205163
041026,Town07Farm,5,5,0,0,0,0,72,-30300,0000230300
041029,Town03GasStation,7,6,315,0,0,2,100,-69399,0000269399
041031,Town03TrainTrack,3,1,0,0,0,43,100,-11252,0000211252
041034,Town04ParkingLot,2,4,0,0,0,23,100,-9732,0000209732
041037,Town07Farm,0,0,0,0,0,32,100,3191,0000196809
041040,Town03GasStation,0,6,743,0,0,0,59,-81400,0000281400
041043,Town03TrainTrack,2,0,0,0,0,26,100,-7479,0000207479
041046,Town04ParkingLot,0,1,0,-1,0,21,100,1748,0000198252
041053,Town07Farm,0,0,0,-3,0,0,47,-4700,0000204700
041055,Town03GasStation,0,0,17,0,0,56,100,3816,0000196184
041059,Town03TrainTrack,3,5,718,0,0,0,84,-90901,0000290901
041101,Town04ParkingLot,0,0,0,0,0,45,100,4483,0000195517
041104,Town07Farm,0,0,0,0,0,8,100,739,0000199261
041108,Town03GasStation,0,0,0,0,0,35,100,3419,0000196581
041112,Town03TrainTrack,4,5,109,0,0,27,100,-30770,0000230770
041115,Town04ParkingLot,2,12,0,0,0,32,100,-12802,0000212802
041117,Town07Farm,7,4,0,0,0,32,100,-33860,0000233860
041121,Town03GasStation,1,0,0,0,0,46,100,-433,0000200433
041124,Town03TrainTrack,5,3,0,0,0,19,100,-24615,0000224615
041127,Town04ParkingLot,3,1,0,0,0,40,100,-11569,0000211569
041130,Town07Farm,1,0,0,0,0,10,100,-4001,0000204001
041132,Town03GasStation,0,0,0,0,0,38,100,3796,0000196204
041137,Town03TrainTrack,2,11,905,0,0,0,82,-107800,0000307800
041139,Town04ParkingLot,1,2,0,0,0,39,100,-2146,0000202146
041142,Town07Farm,2,5,635,0,0,0,100,-76000,0000276000
041145,Town03GasStation,2,17,0,0,0,0,89,-19601,0000219601
041148,Town03TrainTrack,3,0,0,0,0,42,100,-10893,0000210893
041151,Town04ParkingLot,3,11,1360,0,0,37,100,-152817,0000352817
041154,Town07Farm,1,0,0,0,0,33,100,-1769,0000201769
041156,Town03GasStation,1,3,0,0,0,56,100,-928,0000200928
041159,Town03TrainTrack,7,6,0,0,0,13,100,-36722,0000236722
041202,Town04ParkingLot,1,0,0,0,0,39,100,-1137,0000201137
041205,Town07Farm,9,8,878,0,0,7,100,-136157,0000336157
041207,Town03GasStation,1,9,60,0,0,30,100,-12565,0000212565
041211,Town03TrainTrack,0,55,3277,0,0,0,20,-363200,0000563200
041214,Town04ParkingLot,2,4,504,0,0,28,100,-59636,0000259636
041217,Town07Farm,1,2,0,0,0,45,100,-1518,0000201518
041219,Town03GasStation,1,1,0,0,0,37,100,-1809,0000201809
041222,Town03TrainTrack,6,3,0,0,0,25,100,-29046,0000229046
041225,Town04ParkingLot,1,7,946,0,0,13,100,-101803,0000301803
041228,Town07Farm,2,0,189,0,0,25,100,-26480,0000226480
041230,Town03GasStation,0,0,0,0,0,38,100,3780,0000196220
041233,Town03TrainTrack,9,2,640,0,0,0,96,-110400,0000310400
041237,Town04ParkingLot,1,1,837,0,0,17,100,-87539,0000287539
041240,Town07Farm,0,1,0,-1,0,22,100,1831,0000198169
041244,Town03GasStation,1,2,198,0,0,35,100,-22317,0000222317
041246,Town03TrainTrack,0,1,0,0,0,47,100,4187,0000195813
041249,Town04ParkingLot,0,2,0,0,0,25,100,1452,0000198548
041253,Town07Farm,1,51,4161,0,0,0,65,-450101,0000650101
041256,Town03GasStation,2,24,157,0,0,0,96,-38102,0000238102
041300,Town03TrainTrack,2,4,314,0,0,9,100,-42599,0000242599
041302,Town04ParkingLot,2,6,707,0,0,34,100,-80353,0000280353
041305,Town07Farm,0,0,0,0,0,27,100,2626,0000197374
041307,Town03GasStation,1,2,0,0,0,33,100,-2737,0000202737
041309,Town03TrainTrack,1,1,45,0,0,54,100,-4646,0000204646
041311,Town04ParkingLot,1,1,0,0,0,55,100,-48,0000200048
041314,Town07Farm,0,0,0,-2,0,20,100,2362,0000197638
041317,Town03GasStation,0,0,0,0,0,10,100,990,0000199010
041320,Town03TrainTrack,1,0,0,0,0,31,100,-1941,0000201941
041323,Town04ParkingLot,1,3,1329,0,0,0,95,-139901,0000339901
041326,Town07Farm,3,4,378,0,0,0,100,-54800,0000254800
041330,Town03GasStation,0,2,0,0,0,32,100,2174,0000197826
041333,Town03TrainTrack,3,2,157,0,0,17,100,-30010,0000230010
041336,Town04ParkingLot,4,4,432,0,0,14,100,-63858,0000263858
041339,Town07Farm,1,5,12,0,0,12,100,-7583,0000207583
041341,Town03GasStation,0,1,0,0,0,22,100,1669,0000198331
041344,Town03TrainTrack,1,16,1114,0,0,0,100,-124400,0000324400
041346,Town04ParkingLot,1,0,145,0,0,79,100,-11685,0000211685
041349,Town07Farm,12,3,425,0,0,32,100,-100876,0000300876
041350,Town03GasStation,2,2,43,0,0,62,100,-9179,0000209179
041353,Town03TrainTrack,6,3,67,0,0,44,100,-33887,0000233887
041354,Town04ParkingLot,1,1,267,-1,0,74,100,-24669,0000224669
041357,Town07Farm,3,7,808,0,0,26,100,-96746,0000296746
041359,Town03GasStation,0,1,0,0,0,45,100,3924,0000196076
041402,Town03TrainTrack,2,3,182,0,0,0,77,-32001,0000232001
041405,Town04ParkingLot,4,29,2675,0,0,0,95,-302501,0000502501
041408,Town07Farm,1,5,775,0,0,26,100,-82432,0000282432
041410,Town03GasStation,1,2,46,0,0,44,100,-6267,0000206267
041413,Town03TrainTrack,1,0,17,0,0,31,100,-3653,0000203653
041416,Town04ParkingLot,0,15,0,0,0,17,100,-5806,0000205806
041419,Town07Farm,2,18,1036,0,0,10,100,-121665,0000321665
041422,Town03GasStation,0,2,0,0,0,33,100,2253,0000197747
041425,Town03TrainTrack,0,4,2505,0,0,0,66,-255901,0000455901
041429,Town04ParkingLot,0,0,0,0,0,0,83,-1701,0000201701
041432,Town07Farm,1,14,924,0,0,0,45,-109900,0000309900
041434,Town03GasStation,0,1,0,0,0,48,100,4231,0000195769
041437,Town03TrainTrack,1,3,0,0,0,16,100,-4964,0000204964
041441,Town04ParkingLot,1,28,4247,0,0,0,30,-450701,0000650701
041444,Town07Farm,22,22,341,0,0,0,100,-155101,0000355101
041446,Town03GasStation,0,1,0,0,0,48,100,4200,0000195800
041449,Town03TrainTrack,2,0,0,0,0,22,100,-7817,0000207817
041451,Town04ParkingLot,5,2,0,0,0,46,100,-21459,0000221459
041454,Town07Farm,2,1,359,0,0,35,100,-42905,0000242905
041456,Town03GasStation,2,15,1345,0,0,9,100,-151194,0000351194
041459,Town03TrainTrack,3,16,0,0,0,12,100,-21895,0000221895
041502,Town04ParkingLot,2,1,34,0,0,30,100,-10948,0000210948
041505,Town07Farm,2,3,329,0,0,33,100,-41119,0000241119
041507,Town03GasStation,2,0,0,0,0,45,100,-5523,0000205523
041510,Town03TrainTrack,3,12,690,0,0,0,96,-90400,0000290400
041514,Town04ParkingLot,4,7,0,0,0,0,62,-27301,0000227301
041517,Town07Farm,0,0,0,0,0,30,100,2989,0000197011
041520,Town03GasStation,1,2,0,0,0,25,100,-3597,0000203597
041523,Town03TrainTrack,2,1,0,0,0,42,100,-6380,0000206380
041525,Town04ParkingLot,1,0,0,0,0,49,100,-115,0000200115
041528,Town07Farm,6,2,0,0,0,36,100,-27441,0000227441
041530,Town03GasStation,2,2,82,0,0,27,100,-16577,0000216577
041533,Town03TrainTrack,1,16,75,0,0,11,100,-19490,0000219490
041536,Town04ParkingLot,2,5,83,0,0,30,100,-17877,0000217877
041538,Town07Farm,2,0,239,0,0,44,100,-29543,0000229543
041541,Town03GasStation,1,12,276,0,0,0,89,-39701,0000239701
041544,Town03TrainTrack,1,0,0,0,0,45,100,-599,0000200599
041547,Town04ParkingLot,3,14,1176,0,0,0,100,-139600,0000339600
041551,Town07Farm,2,6,491,0,0,7,100,-61465,0000261465
041553,Town03GasStation,1,2,0,0,0,54,100,-626,0000200626
041556,Town03TrainTrack,6,2,0,0,0,7,100,-30308,0000230308
041600,Town04ParkingLot,10,4,777,0,0,24,100,-127373,0000327373
041602,Town07Farm,1,1,252,0,0,46,100,-26100,0000226100
041605,Town03GasStation,2,6,856,0,0,0,56,-103001,0000303001
041609,Town03TrainTrack,0,0,0,0,0,0,55,-4500,0000204500
041611,Town04ParkingLot,3,2,210,-1,0,56,100,-31290,0000231290
041614,Town07Farm,3,1,72,0,0,41,100,-18649,0000218649
041618,Town03GasStation,1,3,54,0,0,15,100,-10481,0000210481
041621,Town03TrainTrack,2,33,2345,0,0,0,67,-264300,0000464300
041623,Town04ParkingLot,2,2,513,0,0,48,100,-57501,0000257501
041627,Town07Farm,0,2,0,0,0,0,70,-4001,0000204001
041631,Town03GasStation,0,5,886,0,0,2,100,-90905,0000290905
041847,Town03TrainTrack,2,0,0,0,0,32,100,-6826,0000206826
041904,Town04ParkingLot,0,0,0,0,0,27,100,2623,0000197377
041927,Town07Farm,11,0,0,-4,0,0,40,-60200,0000260200
041933,Town03GasStation,0,0,0,0,0,36,100,3532,0000196468
041937,Town03TrainTrack,0,0,0,0,0,0,100,-2,0000200002
041944,Town04ParkingLot,1,0,0,0,0,3,100,-4772,0000204772
041953,Town07Farm,3,0,0,0,0,21,100,-12989,0000212989
042006,Town03GasStation,0,0,328,0,0,0,62,-36602,0000236602
042010,Town03TrainTrack,3,4,0,0,0,42,100,-12886,0000212886
042015,Town04ParkingLot,1,2,0,0,0,9,100,-5125,0000205125
042018,Town07Farm,1,1,0,-2,0,40,100,-1109,0000201109
042028,Town03GasStation,0,0,0,0,0,0,83,-1701,0000201701
042031,Town03TrainTrack,3,2,0,0,0,0,66,-19400,0000219400
042035,Town04ParkingLot,3,8,687,0,0,0,84,-89300,0000289300
042039,Town07Farm,0,1,0,-4,0,0,59,-3800,0000203800
042044,Town03GasStation,0,2,0,0,0,0,89,-2101,0000202101
042047,Town03TrainTrack,2,0,0,0,0,17,100,-8336,0000208336
042051,Town04ParkingLot,4,2,0,0,0,16,100,-19441,0000219441
042055,Town07Farm,8,1,0,-1,0,0,72,-43100,0000243100
042059,Town03GasStation,0,8,0,0,0,0,52,-8800,0000208800
042104,Town03TrainTrack,5,4,366,0,0,0,67,-66902,0000266902
042108,Town04ParkingLot,0,0,0,-1,0,0,88,-1000,0000201000
042112,Town07Farm,3,0,0,-4,0,0,68,-17401,0000217401
042118,Town03GasStation,0,1,3398,0,0,0,14,-348901,0000548901
042121,Town03TrainTrack,1,12,1169,0,0,0,96,-128301,0000328301
042125,Town04ParkingLot,0,0,0,0,0,21,100,2020,0000197980
042130,Town07Farm,1,5,130,0,0,0,95,-21001,0000221001
042137,Town03GasStation,2,2,107,0,0,30,100,-18746,0000218746
042143,Town03TrainTrack,1,0,0,0,0,0,79,-7100,0000207100
042148,Town04ParkingLot,0,2,0,0,0,0,21,-8901,0000208901
042151,Town07Farm,0,0,0,-2,0,0,100,398,0000199602
042200,Town03GasStation,0,0,0,0,0,35,100,3420,0000196580
050942,Town03GasStation,13,4,0,0,0,0,69,-70100,0000270100
050945,Town03TrainTrack,3,3,79,0,0,9,100,-23559,0000223559
050948,Town04ParkingLot,0,0,0,0,0,24,100,2371,0000197629
051016,Town03GasStation,2,10,254,0,0,37,100,-36756,0000236756
051020,Town03TrainTrack,1,0,0,0,0,17,100,-3360,0000203360
051023,Town04ParkingLot,1,0,266,0,0,26,100,-29078,0000229078
051026,Town07Farm,5,0,362,0,0,37,100,-57575,0000257575
051029,Town03GasStation,0,0,0,0,0,45,100,4495,0000195505
051032,Town03TrainTrack,2,20,2263,0,0,0,67,-249601,0000449601
051037,Town04ParkingLot,4,0,0,0,0,4,100,-19677,0000219677
051041,Town07Farm,4,4,737,0,0,0,97,-96000,0000296000
051045,Town03GasStation,5,4,641,0,0,4,100,-90784,0000290784
051048,Town03TrainTrack,1,2,0,0,0,36,100,-2457,0000202457
051051,Town04ParkingLot,3,10,669,0,0,16,100,-85304,0000285304
051054,Town07Farm,4,0,0,0,0,20,100,-18032,0000218032
051056,Town03GasStation,0,1,0,0,0,53,100,4747,0000195253
051100,Town03GasStation,2,11,62,0,0,4,100,-21335,0000221335
051103,Town03TrainTrack,3,2,15,0,0,28,100,-14796,0000214796
051106,Town04ParkingLot,2,1,0,0,0,23,100,-8212,0000208212
051110,Town07Farm,0,1,0,0,0,2,100,-376,0000200376
051114,Town03GasStation,2,17,216,0,0,7,100,-39425,0000239425
051117,Town03TrainTrack,1,7,4,0,0,47,100,-4239,0000204239
051121,Town04ParkingLot,2,20,1193,0,0,0,100,-139301,0000339301
051124,Town07Farm,8,10,738,0,0,0,96,-119201,0000319201
051127,Town03GasStation,1,6,316,0,0,44,100,-35264,0000235264
051130,Town03TrainTrack,1,2,0,0,0,27,100,-3378,0000203378
051134,Town04ParkingLot,3,5,774,0,0,5,100,-94428,0000294428
051137,Town07Farm,4,0,0,0,0,16,100,-18488,0000218488
051141,Town03GasStation,0,7,2156,0,0,0,52,-223902,0000423902
051144,Town03TrainTrack,1,27,1540,0,0,6,100,-171963,0000371963
051147,Town04ParkingLot,1,13,1936,0,0,7,100,-204469,0000404469
051150,Town07Farm,1,0,0,0,0,41,100,-972,0000200972
051152,Town03GasStation,2,5,144,0,0,56,100,-21385,0000221385
051154,Town03TrainTrack,2,2,0,0,0,54,100,-5666,0000205666
051157,Town04ParkingLot,2,8,459,0,0,40,100,-55969,0000255969
051200,Town07Farm,4,2,0,0,0,1,100,-20976,0000220976
051202,Town03GasStation,3,0,0,0,0,58,100,-9221,0000209221
051206,Town03TrainTrack,3,6,281,0,0,0,53,-50800,0000250800
051209,Town04ParkingLot,0,0,0,0,0,32,100,3134,0000196866
051211,Town07Farm,7,0,275,0,0,30,100,-59504,0000259504
051213,Town03GasStation,1,2,0,0,0,51,100,-985,0000200985
051216,Town03TrainTrack,5,12,7,0,0,31,100,-28656,0000228656
051219,Town04ParkingLot,4,6,214,0,0,28,100,-41623,0000241623
051222,Town07Farm,4,4,0,0,0,26,100,-19499,0000219499
051225,Town03GasStation,1,1,183,0,0,28,100,-21004,0000221004
051228,Town03TrainTrack,3,10,809,0,0,0,100,-100900,0000300900
051232,Town04ParkingLot,2,6,511,0,0,6,100,-63536,0000263536
051234,Town07Farm,2,0,0,0,0,33,100,-6764,0000206764
051238,Town03GasStation,0,0,0,0,0,35,100,3452,0000196548
051241,Town03TrainTrack,5,8,630,0,0,10,100,-91063,0000291063
051244,Town04ParkingLot,5,1,402,0,0,13,100,-64401,0000264401
051247,Town07Farm,3,3,176,0,0,28,100,-31363,0000231363
051251,Town03GasStation,0,1,0,0,0,36,100,3012,0000196988
051255,Town03TrainTrack,5,13,329,0,0,14,100,-63049,0000263049
051259,Town04ParkingLot,1,6,0,0,0,0,68,-11200,0000211200
051302,Town07Farm,2,7,0,0,0,0,96,-13900,0000213900
051306,Town03GasStation,3,8,914,0,0,0,61,-114301,0000314301
051310,Town03TrainTrack,1,1,0,0,0,0,58,-9701,0000209701
051313,Town04ParkingLot,1,11,1299,0,0,28,100,-137669,0000337669
051319,Town07Farm,1,11,1098,0,0,0,73,-123001,0000323001
051329,Town03GasStation,0,1,0,0,0,0,88,-1700,0000201700
051332,Town03TrainTrack,4,1,0,0,0,22,100,-18341,0000218341
051335,Town04ParkingLot,1,0,0,0,0,11,100,-3908,0000203908
051339,Town07Farm,0,0,0,0,0,0,90,-1000,0000201000
051343,Town03GasStation,0,0,0,0,0,0,84,-1601,0000201601
051347,Town03TrainTrack,0,0,0,0,0,0,47,-5302,0000205302
051351,Town04ParkingLot,4,6,0,0,0,0,96,-23400,0000223400
051353,Town07Farm,6,9,585,0,0,35,100,-89573,0000289573
051357,Town03GasStation,6,14,899,0,0,0,95,-127402,0000327402
051400,Town03TrainTrack,4,4,79,0,0,6,100,-29359,0000229359
051404,Town04ParkingLot,8,9,0,0,0,0,70,-47501,0000247501
051407,Town07Farm,5,5,0,0,0,0,66,-30901,0000230901
051411,Town03GasStation,2,3,291,0,0,11,100,-39545,0000239545
051414,Town03TrainTrack,2,11,698,0,0,23,100,-83036,0000283036
051417,Town04ParkingLot,0,0,0,0,0,28,100,2785,0000197215
051420,Town07Farm,2,0,0,0,0,6,100,-9441,0000209441
051423,Town03GasStation,2,1,0,0,0,45,100,-6087,0000206087
051425,Town03TrainTrack,3,2,0,0,0,42,100,-11849,0000211849
051428,Town04ParkingLot,2,5,278,0,0,14,100,-38951,0000238951
051431,Town03GasStation,0,1,0,0,0,50,100,4443,0000195557
051435,Town03TrainTrack,2,7,0,0,0,0,69,-16600,0000216600
051439,Town04ParkingLot,0,21,1772,0,0,0,95,-188200,0000388200
051442,Town07Farm,3,3,128,0,0,24,100,-26988,0000226988
051446,Town03GasStation,2,5,0,0,0,2,100,-12395,0000212395
051449,Town03TrainTrack,3,9,355,0,0,27,100,-52344,0000252344
051452,Town04ParkingLot,6,12,345,0,0,0,95,-71001,0000271001
051455,Town07Farm,3,24,1558,0,0,0,97,-183101,0000383101
051457,Town03GasStation,2,0,0,0,0,63,100,-3788,0000203788
051501,Town03TrainTrack,1,14,819,0,0,0,55,-98400,0000298400
051504,Town04ParkingLot,1,10,605,0,0,16,100,-68956,0000268956
051507,Town07Farm,1,16,1581,0,0,0,87,-172400,0000372400
051510,Town03GasStation,1,20,62,0,0,0,63,-24902,0000224902
051513,Town03TrainTrack,1,5,0,0,0,41,100,-3408,0000203408
051516,Town04ParkingLot,5,6,408,0,0,14,100,-67481,0000267481
051519,Town07Farm,6,7,737,0,0,8,100,-106418,0000306418
051522,Town03GasStation,1,4,339,0,0,0,89,-42002,0000242002
051525,Town03TrainTrack,2,3,0,0,0,22,100,-9389,0000209389
051529,Town04ParkingLot,17,10,850,0,0,0,60,-179000,0000379000
051532,Town07Farm,3,0,0,0,0,0,96,-15400,0000215400
051535,Town03GasStation,1,8,1291,0,0,0,53,-142802,0000342802
051539,Town03TrainTrack,0,5,170,0,0,0,84,-21101,0000221101
051541,Town04ParkingLot,5,2,0,0,0,51,100,-20913,0000220913
051545,Town07Farm,1,11,2654,0,0,0,65,-279401,0000479401
051548,Town03GasStation,0,1,0,0,0,40,100,3446,0000196554
051551,Town03TrainTrack,11,3,0,0,0,5,100,-56002,0000256002
051555,Town04ParkingLot,1,0,0,0,0,0,64,-8601,0000208601
051558,Town07Farm,3,0,607,0,0,29,100,-72889,0000272889
051601,Town03GasStation,1,1,15,0,0,39,100,-3161,0000203161
051606,Town03TrainTrack,1,1,0,0,0,1,100,-5428,0000205428
051609,Town04ParkingLot,1,0,0,0,0,12,100,-3861,0000203861
051615,Town07Farm,6,5,709,0,0,0,97,-103701,0000303701
051618,Town03GasStation,2,3,482,0,0,31,100,-56634,0000256634
051622,Town03TrainTrack,0,14,1303,0,0,0,55,-141802,0000341802
051626,Town04ParkingLot,0,0,0,0,0,0,94,-600,0000200600
051629,Town07Farm,1,2,0,0,0,51,100,-940,0000200940
051632,Town03GasStation,0,8,0,0,0,16,100,-2463,0000202463
051635,Town03TrainTrack,2,9,226,0,0,11,100,-36066,0000236066
051638,Town04ParkingLot,3,7,282,0,0,24,100,-44305,0000244305
051642,Town07Farm,1,0,0,0,0,16,100,-3495,0000203495
051645,Town03GasStation,1,4,308,0,0,36,100,-34206,0000234206
051647,Town03TrainTrack,3,1,0,0,0,16,100,-13966,0000213966
051651,Town04ParkingLot,0,17,0,0,0,0,40,-14500,0000214500
051654,Town07Farm,0,11,0,-4,0,0,7,-14000,0000214000
051657,Town03GasStation,1,0,0,0,0,44,100,-695,0000200695
051700,Town03TrainTrack,7,1,0,0,0,0,67,-38800,0000238800
051704,Town04ParkingLot,0,0,0,0,0,0,83,-1700,0000201700
051707,Town07Farm,4,10,2944,0,0,0,97,-319701,0000519701
051711,Town03GasStation,8,6,206,0,0,19,100,-61771,0000261771
051714,Town03TrainTrack,2,4,162,0,0,14,100,-26871,0000226871
051717,Town04ParkingLot,1,51,0,0,0,0,51,-35400,0000235400
051721,Town07Farm,0,3,0,0,0,19,100,308,0000199692
051723,Town03GasStation,0,0,0,0,0,46,100,4550,0000195450
051727,Town03TrainTrack,2,3,205,0,0,0,88,-33200,0000233200
051730,Town04ParkingLot,1,0,0,0,0,17,100,-3331,0000203331
051733,Town07Farm,1,2,131,0,0,15,100,-17620,0000217620
051736,Town03GasStation,0,0,0,0,0,28,100,2792,0000197208
051739,Town03TrainTrack,1,3,0,0,0,0,69,-9601,0000209601
051743,Town04ParkingLot,4,9,0,0,0,0,54,-29102,0000229102
051746,Town07Farm,5,11,112,0,0,0,80,-43700,0000243700
051748,Town03GasStation,0,0,0,0,0,30,100,2992,0000197008
051752,Town03TrainTrack,6,8,460,0,0,10,100,-79054,0000279054
051755,Town04ParkingLot,2,1,171,0,0,0,61,-31500,0000231500
051758,Town07Farm,0,3,0,0,0,0,100,-1501,0000201501
060943,Town03GasStation,1,3,0,0,0,3,100,-6225,0000206225
060947,Town03TrainTrack,0,6,524,0,0,0,84,-57002,0000257002
060958,Town04ParkingLot,3,2,172,0,0,19,100,-31375,0000231375
061000,Town07Farm,2,0,0,0,0,25,100,-7512,0000207512
061010,Town03GasStation,2,0,0,0,0,42,100,-5831,0000205831
061018,Town03TrainTrack,2,11,333,0,0,1,100,-48743,0000248743
061021,Town04ParkingLot,2,20,0,0,0,7,100,-19344,0000219344
061024,Town07Farm,3,9,402,0,0,15,100,-58225,0000258225
061027,Town03GasStation,1,16,713,0,0,0,78,-86501,0000286501
061030,Town03TrainTrack,5,4,358,0,0,0,100,-62800,0000262800
061033,Town04ParkingLot,3,13,0,0,0,31,100,-18488,0000218488
061036,Town07Farm,2,3,0,0,0,9,100,-10624,0000210624
061039,Town03GasStation,1,1,0,0,0,42,100,-1346,0000201346
061041,Town03TrainTrack,1,0,0,0,0,31,100,-1950,0000201950
061044,Town04ParkingLot,2,0,0,0,0,36,100,-6474,0000206474
061047,Town07Farm,0,9,0,0,0,0,94,-5101,0000205101
061050,Town03GasStation,0,22,1136,0,0,0,62,-128402,0000328402
061055,Town03TrainTrack,1,5,341,0,0,0,66,-45000,0000245000
061058,Town04ParkingLot,0,21,0,0,0,0,13,-19201,0000219201
061101,Town07Farm,2,3,0,0,0,11,100,-10460,0000210460
061104,Town03GasStation,1,0,64,0,0,48,100,-6687,0000206687
061107,Town03TrainTrack,2,1,0,0,0,17,100,-8870,0000208870
061110,Town04ParkingLot,0,0,0,0,0,18,100,1783,0000198217
061114,Town07Farm,0,16,539,-2,0,0,31,-68401,0000268401
061117,Town03GasStation,0,1,44,0,0,17,100,-3291,0000203291
061120,Town03TrainTrack,2,2,0,0,0,12,100,-9870,0000209870
061123,Town04ParkingLot,4,4,474,0,0,9,100,-68584,0000268584
061126,Town07Farm,9,11,1438,0,0,0,76,-196701,0000396701
061129,Town03GasStation,2,9,1563,0,0,1,100,-170766,0000370766
061132,Town03TrainTrack,2,1,122,0,0,0,96,-23102,0000223102
061135,Town04ParkingLot,0,2,513,0,0,23,100,-50030,0000250030
061138,Town07Farm,2,0,0,0,0,39,100,-6164,0000206164
061141,Town03GasStation,22,5,0,0,0,0,75,-115001,0000315001
061144,Town03TrainTrack,1,13,0,0,0,0,96,-11901,0000211901
061147,Town04ParkingLot,2,39,0,0,0,1,100,-29461,0000229461
061150,Town07Farm,2,11,1815,0,0,0,87,-198300,0000398300
061153,Town03GasStation,1,2,183,0,0,43,100,-20093,0000220093
061155,Town03TrainTrack,1,12,569,0,0,27,100,-65229,0000265229
061158,Town04ParkingLot,0,9,453,0,0,0,4,-59401,0000259401
061201,Town07Farm,6,9,949,0,0,0,88,-130600,0000330600
061204,Town03GasStation,3,21,1406,0,0,0,52,-170900,0000370900
061207,Town03TrainTrack,7,10,228,0,0,4,100,-62413,0000262413
061211,Town04ParkingLot,0,19,1790,0,0,0,94,-189100,0000389100
061214,Town07Farm,5,13,2582,0,0,0,46,-295101,0000495101
061216,Town03GasStation,3,4,114,0,0,42,100,-24223,0000224223
061219,Town03TrainTrack,2,12,117,0,0,0,100,-27702,0000227702
061222,Town04ParkingLot,3,22,1607,0,0,0,84,-188301,0000388301
061225,Town07Farm,0,4,0,0,0,0,76,-4400,0000204400
061229,Town03GasStation,0,5,609,0,0,25,100,-60935,0000260935
061233,Town03TrainTrack,4,7,538,0,0,3,100,-77061,0000277061
061235,Town04ParkingLot,1,3,0,0,0,45,100,-2041,0000202041
061238,Town07Farm,2,4,0,0,0,0,100,-12000,0000212000
061241,Town03GasStation,2,17,1443,0,0,0,97,-163101,0000363101
061244,Town03TrainTrack,3,18,1303,0,0,0,100,-154301,0000354301
061246,Town04ParkingLot,2,2,193,0,0,40,100,-26322,0000226322
061249,Town07Farm,1,10,225,0,0,0,45,-38001,0000238001
061252,Town03GasStation,5,17,1584,0,0,21,100,-189828,0000389828
061255,Town03TrainTrack,5,10,212,0,0,33,100,-47929,0000247929
061258,Town04ParkingLot,1,13,5356,0,0,0,48,-552300,0000752300
061301,Town07Farm,3,5,776,0,0,36,100,-91511,0000291511
061304,Town03GasStation,1,19,578,0,0,0,52,-77101,0000277101
061307,Town03TrainTrack,0,1,0,0,0,6,100,2,0000199998
061311,Town04ParkingLot,1,29,2338,0,0,0,22,-261101,0000461101
061314,Town07Farm,4,1,0,0,0,12,100,-19346,0000219346
061316,Town03GasStation,0,0,0,0,0,40,100,3938,0000196062
061320,Town03TrainTrack,0,6,1089,0,0,0,58,-116100,0000316100
061324,Town04ParkingLot,3,7,754,0,0,0,65,-97400,0000297400
061326,Town07Farm,2,1,158,0,0,43,100,-22092,0000222092
061329,Town03GasStation,0,0,0,0,0,40,100,3986,0000196014
061333,Town03TrainTrack,1,7,539,0,0,0,67,-65701,0000265701
061336,Town04ParkingLot,0,37,3202,-2,0,0,13,-347001,0000547001
061338,Town07Farm,2,21,143,-3,0,0,37,-40500,0000240500
061340,Town03GasStation,0,5,103,0,0,43,100,-8562,0000208562
061344,Town03TrainTrack,1,11,428,0,0,0,85,-54802,0000254802
061347,Town04ParkingLot,3,13,0,0,0,0,96,-21900,0000221900
061350,Town07Farm,7,3,0,0,0,0,70,-39501,0000239501
061352,Town03GasStation,3,4,168,0,0,41,100,-29730,0000229730
061356,Town03TrainTrack,0,14,1397,0,0,0,96,-147102,0000347102
061359,Town04ParkingLot,4,18,1818,0,0,0,75,-213300,0000413300
061402,Town07Farm,2,5,0,0,0,27,100,-9869,0000209869
061405,Town03GasStation,1,4,318,0,0,18,100,-37029,0000237029
061407,Town03TrainTrack,3,3,468,0,0,36,100,-59709,0000259709
061409,Town04ParkingLot,2,5,369,0,0,39,100,-45505,0000245505
061412,Town07Farm,2,6,742,0,0,40,100,-83204,0000283204
061415,Town03GasStation,0,19,2850,0,0,0,52,-299301,0000499301
061418,Town03TrainTrack,9,1,31,0,0,33,100,-45347,0000245347
061421,Town04ParkingLot,2,3,0,0,0,0,72,-14301,0000214301
061424,Town07Farm,2,8,789,0,0,0,90,-93901,0000293901
061427,Town03GasStation,4,6,40,0,0,14,100,-25645,0000225645
061430,Town03TrainTrack,1,2,0,0,0,0,66,-9401,0000209401
061434,Town04ParkingLot,4,8,135,0,0,0,49,-42600,0000242600
061437,Town07Farm,2,12,1097,0,0,0,100,-125700,0000325700
061439,Town03GasStation,2,0,132,0,0,52,100,-18068,0000218068
061442,Town03TrainTrack,1,6,133,0,0,17,100,-19618,0000219618
061445,Town04ParkingLot,3,10,439,0,0,31,100,-60828,0000260828
061448,Town07Farm,0,4,0,0,0,9,100,-1138,0000201138
061450,Town03GasStation,0,0,0,0,0,59,100,5844,0000194156
061452,Town03TrainTrack,2,2,37,0,0,44,100,-10352,0000210352
061455,Town04ParkingLot,4,8,0,0,0,32,100,-20855,0000220855
061458,Town07Farm,0,1,0,0,0,0,59,-4600,0000204600
061500,Town03GasStation,0,3,0,0,0,32,100,1637,0000198363
061504,Town03TrainTrack,0,6,928,0,0,0,53,-100502,0000300502
061506,Town04ParkingLot,2,5,0,0,0,26,100,-9926,0000209926
061510,Town07Farm,0,13,1207,0,0,0,65,-130701,0000330701
061513,Town03GasStation,10,3,45,0,0,0,69,-59102,0000259102
061516,Town03TrainTrack,4,3,1223,0,0,0,95,-144300,0000344300
061518,Town04ParkingLot,0,1,0,0,0,43,100,3733,0000196267
061521,Town07Farm,1,3,21,0,0,28,100,-5824,0000205824
061523,Town03GasStation,0,1,0,0,0,42,100,3641,0000196359
061526,Town03TrainTrack,0,22,699,0,0,2,100,-80710,0000280710
061529,Town04ParkingLot,1,2,0,0,0,9,100,-5101,0000205101
061532,Town07Farm,3,21,817,0,0,2,100,-107095,0000307095
061535,Town03GasStation,1,4,102,0,0,49,100,-12309,0000212309
061538,Town03TrainTrack,2,12,0,0,0,27,100,-13371,0000213371
061541,Town04ParkingLot,4,6,0,0,0,27,100,-20351,0000220351
061543,Town07Farm,9,2,893,0,0,14,100,-133904,0000333904
061547,Town03GasStation,1,8,948,0,0,0,76,-106200,0000306200
061550,Town03TrainTrack,2,10,515,0,0,0,66,-69900,0000269900
061553,Town04ParkingLot,3,3,300,0,0,0,63,-50200,0000250200
061556,Town07Farm,0,4,0,0,0,0,95,-2501,0000202501
061559,Town03GasStation,1,2,0,0,0,15,100,-4573,0000204573
061602,Town03TrainTrack,2,11,0,0,0,0,31,-22400,0000222400
061606,Town04ParkingLot,12,12,1519,0,0,0,57,-222200,0000422200
061609,Town07Farm,3,2,71,0,0,23,100,-20821,0000220821
061612,Town03GasStation,0,0,0,0,0,33,100,3264,0000196736
061615,Town03TrainTrack,7,23,1372,0,0,0,67,-187002,0000387002
061617,Town04ParkingLot,2,3,0,0,0,24,100,-9170,0000209170
061620,Town07Farm,0,3,0,0,0,0,35,-8001,0000208001
061623,Town03GasStation,0,16,888,0,0,0,69,-99901,0000299901
061626,Town03TrainTrack,0,6,0,0,0,0,57,-7302,0000207302
061630,Town04ParkingLot,0,0,0,0,0,3,100,238,0000199762
061633,Town07Farm,7,7,0,0,0,0,100,-38500,0000238500
061636,Town03GasStation,1,20,556,0,0,12,100,-69486,0000269486
061639,Town03TrainTrack,2,15,501,0,0,0,100,-67602,0000267602
061641,Town04ParkingLot,3,16,226,0,0,27,100,-42935,0000242935
061644,Town07Farm,0,17,1321,-1,0,0,36,-146800,0000346800
061647,Town03GasStation,2,2,0,0,0,18,100,-9206,0000209206
061650,Town03TrainTrack,2,0,0,0,0,28,100,-7277,0000207277
061653,Town04ParkingLot,2,0,0,0,0,0,77,-12301,0000212301
061656,Town07Farm,3,11,1248,0,0,0,87,-146601,0000346601
061659,Town03GasStation,0,0,0,0,0,23,100,2240,0000197760
061702,Town03TrainTrack,2,0,0,0,0,29,100,-7139,0000207139
061705,Town04ParkingLot,1,0,173,0,0,23,100,-20036,0000220036
061707,Town07Farm,7,1,216,0,0,24,100,-54765,0000254765
061710,Town03GasStation,3,6,602,0,0,0,87,-79500,0000279500
061713,Town03TrainTrack,2,4,0,0,0,50,100,-7058,0000207058
061716,Town04ParkingLot,0,7,0,0,0,1,100,-3479,0000203479
061719,Town07Farm,0,0,0,0,0,0,90,-1000,0000201000
061722,Town03GasStation,0,2,0,0,0,51,100,4091,0000195909
061725,Town03TrainTrack,2,9,2119,0,0,0,100,-226401,0000426401
061728,Town04ParkingLot,0,4,0,-2,0,0,11,-10500,0000210500
061731,Town07Farm,1,6,113,0,0,0,46,-24701,0000224701
061734,Town03GasStation,2,10,115,0,0,16,100,-24990,0000224990
061738,Town03TrainTrack,0,4,0,0,0,0,97,-2300,0000202300
061740,Town04ParkingLot,2,3,0,0,0,27,100,-8860,0000208860
061743,Town07Farm,0,3,0,0,0,40,100,2495,0000197505
061747,Town03GasStation,1,10,1536,0,0,0,63,-167302,0000367302
061750,Town03TrainTrack,7,15,443,0,0,0,100,-86802,0000286802
061753,Town04ParkingLot,9,17,2,0,0,0,74,-56301,0000256301
061757,Town07Farm,1,19,2588,0,0,0,81,-275201,0000475201
061759,Town03GasStation,1,1,116,0,0,50,100,-12178,0000212178
061802,Town03TrainTrack,8,11,669,0,0,0,96,-112800,0000312800
